cov_model_U4,GCA_025991245.1,Galdieria_partita,Galdieriaceae,NO HIT,0,NA,NA,NA,NA,NA,Rhodophyta,Bangiophyceae,Galdieriales
cov_model_U4,GCA_025991245.1,Galdieria_partita,Galdieriaceae,HIT,1,8.1e-23,GTATGCTTCTTTCCATCTGACAGTCTTGTTCTAAATGAGTTCCCGAAGCAACGGTATCAGTATGTCTGGATAAGAGCCAAAAGTCACAAGGGTCCAACGAACTTTAAATGAGAGTTTCCCAATGAATGATTGTCCCAACATCAGAAATGTTTCCATCCTTATTTTAAAACAAGGCCACAATCCTTTGCTCTACGATTAGCGTCTTTGCGCACGGGCAATGTCTCCCAAGTGAGGTTTTACCGATGGGCGACTATTGCTAATTGAAAACTACTCCAATTCCCGCGCGTTCACCTCTCGTAGGTGACCGTGCAATTTTTGAAACCCTTCTCCTTTTGACAATAAAAGTTTATTTTTAAATACTTCTTTGTTTGTAAACGGCTAGTAAGTACAGCAACGAAAAAAAGCTATGCTGCTTGGCAATAACTGCAGGAATATCTCGTCGATTCTCCTTTCGAAATATGAAGAACGAGTGCCAAGCAGACGGTATAGAGAGCACAGTAATCAAGTACCAAGCACTGATAAAATAAGCCTGCAAAAGACAGAATA,GUCUUUGCGCACGGGCAAUGUCUC-CCAAGUGAGGUUUUACCGAUGGGCGACUAUUGCUAAUUGAAAACUACUC-CAAUUCCCGCGCGUUCACCUC-UCGUAGGUGACCG-UGCAAUUUUUGAAACCCUUCUccuuuugacaauAAAAGU,":::::::::::::::::::<<<<<-<<<-----<<<___>>>-->>>>>>>>,,,,,,,,,,,,,,,,,,,,,,,,,,,,,,,<<<<<<<<<<<<<____>>>>>>>>>>->>>,,,,,,,,,,,,<<<<__............__>>>>",BQMJ01000045.1,Rhodophyta,Bangiophyceae,Galdieriales
cov_model_U4,GCA_025991245.1,Galdieria_partita,Galdieriaceae,MAYBE,1,0.037,NA,NA,NA,BQMJ01000056.1,Rhodophyta,Bangiophyceae,Galdieriales
cov_model_U4,GCA_025991245.1,Galdieria_partita,Galdieriaceae,MAYBE,2,0.037,NA,NA,NA,BQMJ01000011.1,Rhodophyta,Bangiophyceae,Galdieriales
cov_model_U4,GCA_025991245.1,Galdieria_partita,Galdieriaceae,MAYBE,3,0.058,NA,NA,NA,BQMJ01000061.1,Rhodophyta,Bangiophyceae,Galdieriales
cov_model_U4,GCA_025991245.1,Galdieria_partita,Galdieriaceae,MAYBE,4,1.2,NA,NA,NA,BQMJ01000054.1,Rhodophyta,Bangiophyceae,Galdieriales
cov_model_U4,GCA_025991245.1,Galdieria_partita,Galdieriaceae,MAYBE,5,1.3,NA,NA,NA,BQMJ01000006.1,Rhodophyta,Bangiophyceae,Galdieriales
cov_model_U4,GCA_025991245.1,Galdieria_partita,Galdieriaceae,MAYBE,6,1.6,NA,NA,NA,BQMJ01000005.1,Rhodophyta,Bangiophyceae,Galdieriales
cov_model_U4,GCA_025991245.1,Galdieria_partita,Galdieriaceae,MAYBE,7,2.6,NA,NA,NA,BQMJ01000022.1,Rhodophyta,Bangiophyceae,Galdieriales
cov_model_U4,GCA_025991245.1,Galdieria_partita,Galdieriaceae,MAYBE,8,2.6,NA,NA,NA,BQMJ01000051.1,Rhodophyta,Bangiophyceae,Galdieriales
cov_model_U4,GCA_025991245.1,Galdieria_partita,Galdieriaceae,MAYBE,9,3.2,NA,NA,NA,BQMJ01000024.1,Rhodophyta,Bangiophyceae,Galdieriales
cov_model_U4,GCA_025991245.1,Galdieria_partita,Galdieriaceae,MAYBE,10,3.2,NA,NA,NA,BQMJ01000019.1,Rhodophyta,Bangiophyceae,Galdieriales
cov_model_U4,GCA_025991245.1,Galdieria_partita,Galdieriaceae,MAYBE,11,3.9,NA,NA,NA,BQMJ01000009.1,Rhodophyta,Bangiophyceae,Galdieriales
cov_model_U4,GCA_025991245.1,Galdieria_partita,Galdieriaceae,MAYBE,12,3.9,NA,NA,NA,BQMJ01000013.1,Rhodophyta,Bangiophyceae,Galdieriales
cov_model_U4,GCA_025991245.1,Galdieria_partita,Galdieriaceae,MAYBE,13,4.1,NA,NA,NA,BQMJ01000049.1,Rhodophyta,Bangiophyceae,Galdieriales
cov_model_U4,GCA_025991245.1,Galdieria_partita,Galdieriaceae,MAYBE,14,4.1,NA,NA,NA,BQMJ01000068.1,Rhodophyta,Bangiophyceae,Galdieriales
cov_model_U4,GCA_025991245.1,Galdieria_partita,Galdieriaceae,MAYBE,15,4.2,NA,NA,NA,BQMJ01000065.1,Rhodophyta,Bangiophyceae,Galdieriales
cov_model_U4,GCA_025991245.1,Galdieria_partita,Galdieriaceae,MAYBE,16,4.5,NA,NA,NA,BQMJ01000049.1,Rhodophyta,Bangiophyceae,Galdieriales
cov_model_U4,GCA_025991245.1,Galdieria_partita,Galdieriaceae,MAYBE,17,4.5,NA,NA,NA,BQMJ01000048.1,Rhodophyta,Bangiophyceae,Galdieriales
cov_model_U4,GCA_025991245.1,Galdieria_partita,Galdieriaceae,MAYBE,18,4.7,NA,NA,NA,BQMJ01000060.1,Rhodophyta,Bangiophyceae,Galdieriales
cov_model_U4,GCA_025991245.1,Galdieria_partita,Galdieriaceae,MAYBE,19,5.4,NA,NA,NA,BQMJ01000003.1,Rhodophyta,Bangiophyceae,Galdieriales
cov_model_U4,GCA_025991245.1,Galdieria_partita,Galdieriaceae,MAYBE,20,5.6,NA,NA,NA,BQMJ01000029.1,Rhodophyta,Bangiophyceae,Galdieriales
cov_model_U4,GCA_025991245.1,Galdieria_partita,Galdieriaceae,MAYBE,21,5.9,NA,NA,NA,BQMJ01000030.1,Rhodophyta,Bangiophyceae,Galdieriales
cov_model_U4,GCA_025991245.1,Galdieria_partita,Galdieriaceae,MAYBE,22,6.3,NA,NA,NA,BQMJ01000068.1,Rhodophyta,Bangiophyceae,Galdieriales
cov_model_U4,GCA_025991245.1,Galdieria_partita,Galdieriaceae,MAYBE,23,7,NA,NA,NA,BQMJ01000057.1,Rhodophyta,Bangiophyceae,Galdieriales
cov_model_U4,GCA_025991245.1,Galdieria_partita,Galdieriaceae,MAYBE,24,7.4,NA,NA,NA,BQMJ01000037.1,Rhodophyta,Bangiophyceae,Galdieriales
cov_model_U4,GCA_025991245.1,Galdieria_partita,Galdieriaceae,MAYBE,25,7.4,NA,NA,NA,BQMJ01000040.1,Rhodophyta,Bangiophyceae,Galdieriales
cov_model_U4,GCA_025991245.1,Galdieria_partita,Galdieriaceae,MAYBE,26,8.1,NA,NA,NA,BQMJ01000068.1,Rhodophyta,Bangiophyceae,Galdieriales
cov_model_U4,GCA_025991245.1,Galdieria_partita,Galdieriaceae,MAYBE,27,9.2,NA,NA,NA,BQMJ01000057.1,Rhodophyta,Bangiophyceae,Galdieriales
