cov_model_U6,GCA_000350225.2,Chondrus_crispus,Gigartinaceae,NO HIT,0,NA,NA,NA,NA,NA,Rhodophyta,Florideophyceae,Gigartinales
cov_model_U6,GCA_000350225.2,Chondrus_crispus,Gigartinaceae,HIT,1,6.8e-11,AGCACTGGGAATCGATCTGAGGAATCTTCTCAACACCATGGGTCACTTAACCACTGTGCTAGAGGCCGCAAATGAAGAAAGGGCTCACTCAGCCTGCGCTCGACAAAGACAGACTGTCGATAATTATGCCTAAAAATAAAGAATATTTAACATTTAAAGTATATCTGCTATATATACAACTTGGTGAGGAGCTAAATTGAGTTCTCTTCGGAGACTCATCTATCAAACGATAACAATAACAGAGAAGATTGGCATTCCCTCTGCGCAAGAATGGAACTCAATACCAAACAGTTATCTGAACCTTTTTTTGGACATCTCGCCCTGACCTCGGCTCAATACTTCCTGGTCATCTACCTCGATCCGTAAGTCTACTCTTTTTGCTACTCTTGAAAGTAGGGCACACTGCAGTGAGGTTATTGGGAAGCCAAATTATGATCAATCTGGGGAAGCACCTGTCATCTATTGGTGATTTCGATATGCAAGTTATCCCAACGAGCGTGCAGCAA,GUUCUCUUCGGAGACUCAUCUAUCAAACGAUAACAAUAaCAGAGAAGAUUGGCAUUCCCUCUGCGCAAGAAUGGAACUCAAUACcAAACAGUUAUCUGAACCUUUU,<<<<<______>>>>>::::::::::::::::::::::.:::::::::::::::::::::::::::::::::::::::::::::.:::::::::::::::::::::,HG001932.1,Rhodophyta,Florideophyceae,Gigartinales
cov_model_U6,GCA_000350225.2,Chondrus_crispus,Gigartinaceae,MAYBE,1,0.31,NA,NA,NA,HG002089.1,Rhodophyta,Florideophyceae,Gigartinales
cov_model_U6,GCA_000350225.2,Chondrus_crispus,Gigartinaceae,MAYBE,2,0.81,NA,NA,NA,HG001895.1,Rhodophyta,Florideophyceae,Gigartinales
cov_model_U6,GCA_000350225.2,Chondrus_crispus,Gigartinaceae,MAYBE,3,2,NA,NA,NA,HG002138.1,Rhodophyta,Florideophyceae,Gigartinales
cov_model_U6,GCA_000350225.2,Chondrus_crispus,Gigartinaceae,MAYBE,4,2,NA,NA,NA,HG002174.1,Rhodophyta,Florideophyceae,Gigartinales
cov_model_U6,GCA_000350225.2,Chondrus_crispus,Gigartinaceae,MAYBE,5,2,NA,NA,NA,HG002181.1,Rhodophyta,Florideophyceae,Gigartinales
cov_model_U6,GCA_000350225.2,Chondrus_crispus,Gigartinaceae,MAYBE,6,2,NA,NA,NA,HG002197.1,Rhodophyta,Florideophyceae,Gigartinales
cov_model_U6,GCA_000350225.2,Chondrus_crispus,Gigartinaceae,MAYBE,7,2,NA,NA,NA,HG002221.1,Rhodophyta,Florideophyceae,Gigartinales
cov_model_U6,GCA_000350225.2,Chondrus_crispus,Gigartinaceae,MAYBE,8,2,NA,NA,NA,HG002246.1,Rhodophyta,Florideophyceae,Gigartinales
cov_model_U6,GCA_000350225.2,Chondrus_crispus,Gigartinaceae,MAYBE,9,2,NA,NA,NA,HG002333.1,Rhodophyta,Florideophyceae,Gigartinales
cov_model_U6,GCA_000350225.2,Chondrus_crispus,Gigartinaceae,MAYBE,10,2,NA,NA,NA,HG001642.1,Rhodophyta,Florideophyceae,Gigartinales
cov_model_U6,GCA_000350225.2,Chondrus_crispus,Gigartinaceae,MAYBE,11,2,NA,NA,NA,HG001652.1,Rhodophyta,Florideophyceae,Gigartinales
cov_model_U6,GCA_000350225.2,Chondrus_crispus,Gigartinaceae,MAYBE,12,2,NA,NA,NA,HG001653.1,Rhodophyta,Florideophyceae,Gigartinales
cov_model_U6,GCA_000350225.2,Chondrus_crispus,Gigartinaceae,MAYBE,13,2,NA,NA,NA,HG001685.1,Rhodophyta,Florideophyceae,Gigartinales
cov_model_U6,GCA_000350225.2,Chondrus_crispus,Gigartinaceae,MAYBE,14,2,NA,NA,NA,HG001710.1,Rhodophyta,Florideophyceae,Gigartinales
cov_model_U6,GCA_000350225.2,Chondrus_crispus,Gigartinaceae,MAYBE,15,2,NA,NA,NA,HG001896.1,Rhodophyta,Florideophyceae,Gigartinales
cov_model_U6,GCA_000350225.2,Chondrus_crispus,Gigartinaceae,MAYBE,16,2,NA,NA,NA,HG002013.1,Rhodophyta,Florideophyceae,Gigartinales
cov_model_U6,GCA_000350225.2,Chondrus_crispus,Gigartinaceae,MAYBE,17,2,NA,NA,NA,HG002185.1,Rhodophyta,Florideophyceae,Gigartinales
cov_model_U6,GCA_000350225.2,Chondrus_crispus,Gigartinaceae,MAYBE,18,2,NA,NA,NA,HG001631.1,Rhodophyta,Florideophyceae,Gigartinales
cov_model_U6,GCA_000350225.2,Chondrus_crispus,Gigartinaceae,MAYBE,19,2,NA,NA,NA,HG001677.1,Rhodophyta,Florideophyceae,Gigartinales
cov_model_U6,GCA_000350225.2,Chondrus_crispus,Gigartinaceae,MAYBE,20,2.9,NA,NA,NA,HG002254.1,Rhodophyta,Florideophyceae,Gigartinales
cov_model_U6,GCA_000350225.2,Chondrus_crispus,Gigartinaceae,MAYBE,21,3,NA,NA,NA,HG002132.1,Rhodophyta,Florideophyceae,Gigartinales
cov_model_U6,GCA_000350225.2,Chondrus_crispus,Gigartinaceae,MAYBE,22,3,NA,NA,NA,HG001673.1,Rhodophyta,Florideophyceae,Gigartinales
cov_model_U6,GCA_000350225.2,Chondrus_crispus,Gigartinaceae,MAYBE,23,4.6,NA,NA,NA,HG001810.1,Rhodophyta,Florideophyceae,Gigartinales
cov_model_U6,GCA_000350225.2,Chondrus_crispus,Gigartinaceae,MAYBE,24,5.3,NA,NA,NA,HG002066.1,Rhodophyta,Florideophyceae,Gigartinales
cov_model_U6,GCA_000350225.2,Chondrus_crispus,Gigartinaceae,MAYBE,25,5.3,NA,NA,NA,HG002069.1,Rhodophyta,Florideophyceae,Gigartinales
cov_model_U6,GCA_000350225.2,Chondrus_crispus,Gigartinaceae,MAYBE,26,5.3,NA,NA,NA,HG002161.1,Rhodophyta,Florideophyceae,Gigartinales
cov_model_U6,GCA_000350225.2,Chondrus_crispus,Gigartinaceae,MAYBE,27,5.3,NA,NA,NA,HG002203.1,Rhodophyta,Florideophyceae,Gigartinales
cov_model_U6,GCA_000350225.2,Chondrus_crispus,Gigartinaceae,MAYBE,28,5.3,NA,NA,NA,HG002284.1,Rhodophyta,Florideophyceae,Gigartinales
cov_model_U6,GCA_000350225.2,Chondrus_crispus,Gigartinaceae,MAYBE,29,5.3,NA,NA,NA,HG001592.1,Rhodophyta,Florideophyceae,Gigartinales
cov_model_U6,GCA_000350225.2,Chondrus_crispus,Gigartinaceae,MAYBE,30,5.3,NA,NA,NA,HG001710.1,Rhodophyta,Florideophyceae,Gigartinales
cov_model_U6,GCA_000350225.2,Chondrus_crispus,Gigartinaceae,MAYBE,31,5.3,NA,NA,NA,HG001725.1,Rhodophyta,Florideophyceae,Gigartinales
cov_model_U6,GCA_000350225.2,Chondrus_crispus,Gigartinaceae,MAYBE,32,5.3,NA,NA,NA,HG002001.1,Rhodophyta,Florideophyceae,Gigartinales
cov_model_U6,GCA_000350225.2,Chondrus_crispus,Gigartinaceae,MAYBE,33,5.3,NA,NA,NA,HG002039.1,Rhodophyta,Florideophyceae,Gigartinales
cov_model_U6,GCA_000350225.2,Chondrus_crispus,Gigartinaceae,MAYBE,34,7.3,NA,NA,NA,HG001867.1,Rhodophyta,Florideophyceae,Gigartinales
cov_model_U6,GCA_000350225.2,Chondrus_crispus,Gigartinaceae,MAYBE,35,8.7,NA,NA,NA,HG002294.1,Rhodophyta,Florideophyceae,Gigartinales
cov_model_U6,GCA_000350225.2,Chondrus_crispus,Gigartinaceae,MAYBE,36,9.1,NA,NA,NA,HG001758.1,Rhodophyta,Florideophyceae,Gigartinales
