cov_model_U4,GCA_024341865.1,Galdieria_sulphuraria,Galdieriaceae,NO HIT,0,NA,NA,NA,NA,NA,Rhodophyta,Bangiophyceae,Galdieriales
cov_model_U4,GCA_024341865.1,Galdieria_sulphuraria,Galdieriaceae,HIT,1,7.3e-22,AAAAGTCCTTCAAGAAGACATCAGGAATAAAAGCAAGTGCTATTCAGCCTGTTTCAATTATGGTTGTGGTTACCTTCTCAAAGAAACCATCAAGCAGTGTGGCAGAGTTTTGCCCCCCCCCCTTTCATCCATTGTCCCAACACCAAAATAATTTTCAGCGTTGTTTTAAATTACGCCCAGTTCCCATTTTTTTTTTTAGCGTCTTTGCGCACGGGCAATGTCTCCCAAGTGAGGTTTTACCGATGGGCGACTATTGCTAATTGAAAACTACTCCAATTCCAGCGCGTTCACCTCTCGTAGGTGACCGTGCAATTTTTGAAACCTTTCTCCTTTTGATAATAAACGCTTTTTTAATTAAACAGTTCCCTGGTTGTAAACTGCCAATAGATAAAGTAACGAGAATAAACTATGTTGCTTGGCAATTACCGCAGGAATATCTCGTCGATTTTCTTTTCGAAATATCAAAAACGAGTGCCAAGCAGACGGGATGGAAAGCAAGGGGGCCAAATACCAAGTGCTAAGAAAGCGCGCTTGCAATACGCAG,GUCUUUGCGCACGGGCAAUGUCUC-CCAAGUGAGGUUUUACCGAUGGGCGACUAUUGCUAAUUGAAAACUACUC-CAAUUCCAGCGCGUUCACCUC-UCGUAGGUGACCG-UGCAAUUUUUGAAACCUUUCUccuuuugauaAUAAAC,":::::::::::::::::::<<<<<-<<<-----<<<___>>>-->>>>>>>>,,,,,,,,,,,,,,,,,,,,,,,,,,,,,,,<<<<<<<<<<<<<____>>>>>>>>>>->>>,,,,,,,,,,,,<<<<__..........__>>>>",BPMW01000006.1,Rhodophyta,Bangiophyceae,Galdieriales
cov_model_U4,GCA_024341865.1,Galdieria_sulphuraria,Galdieriaceae,MAYBE,1,0.16,NA,NA,NA,BPMW01000019.1,Rhodophyta,Bangiophyceae,Galdieriales
cov_model_U4,GCA_024341865.1,Galdieria_sulphuraria,Galdieriaceae,MAYBE,2,0.32,NA,NA,NA,BPMW01000058.1,Rhodophyta,Bangiophyceae,Galdieriales
cov_model_U4,GCA_024341865.1,Galdieria_sulphuraria,Galdieriaceae,MAYBE,3,0.41,NA,NA,NA,BPMW01000058.1,Rhodophyta,Bangiophyceae,Galdieriales
cov_model_U4,GCA_024341865.1,Galdieria_sulphuraria,Galdieriaceae,MAYBE,4,0.79,NA,NA,NA,BPMW01000067.1,Rhodophyta,Bangiophyceae,Galdieriales
cov_model_U4,GCA_024341865.1,Galdieria_sulphuraria,Galdieriaceae,MAYBE,5,1.5,NA,NA,NA,BPMW01000014.1,Rhodophyta,Bangiophyceae,Galdieriales
cov_model_U4,GCA_024341865.1,Galdieria_sulphuraria,Galdieriaceae,MAYBE,6,1.6,NA,NA,NA,BPMW01000021.1,Rhodophyta,Bangiophyceae,Galdieriales
cov_model_U4,GCA_024341865.1,Galdieria_sulphuraria,Galdieriaceae,MAYBE,7,1.6,NA,NA,NA,BPMW01000003.1,Rhodophyta,Bangiophyceae,Galdieriales
cov_model_U4,GCA_024341865.1,Galdieria_sulphuraria,Galdieriaceae,MAYBE,8,1.8,NA,NA,NA,BPMW01000085.1,Rhodophyta,Bangiophyceae,Galdieriales
cov_model_U4,GCA_024341865.1,Galdieria_sulphuraria,Galdieriaceae,MAYBE,9,1.9,NA,NA,NA,BPMW01000008.1,Rhodophyta,Bangiophyceae,Galdieriales
cov_model_U4,GCA_024341865.1,Galdieria_sulphuraria,Galdieriaceae,MAYBE,10,2,NA,NA,NA,BPMW01000028.1,Rhodophyta,Bangiophyceae,Galdieriales
cov_model_U4,GCA_024341865.1,Galdieria_sulphuraria,Galdieriaceae,MAYBE,11,2.5,NA,NA,NA,BPMW01000007.1,Rhodophyta,Bangiophyceae,Galdieriales
cov_model_U4,GCA_024341865.1,Galdieria_sulphuraria,Galdieriaceae,MAYBE,12,2.6,NA,NA,NA,BPMW01000084.1,Rhodophyta,Bangiophyceae,Galdieriales
cov_model_U4,GCA_024341865.1,Galdieria_sulphuraria,Galdieriaceae,MAYBE,13,2.7,NA,NA,NA,BPMW01000051.1,Rhodophyta,Bangiophyceae,Galdieriales
cov_model_U4,GCA_024341865.1,Galdieria_sulphuraria,Galdieriaceae,MAYBE,14,2.9,NA,NA,NA,BPMW01000014.1,Rhodophyta,Bangiophyceae,Galdieriales
cov_model_U4,GCA_024341865.1,Galdieria_sulphuraria,Galdieriaceae,MAYBE,15,4.4,NA,NA,NA,BPMW01000071.1,Rhodophyta,Bangiophyceae,Galdieriales
cov_model_U4,GCA_024341865.1,Galdieria_sulphuraria,Galdieriaceae,MAYBE,16,4.5,NA,NA,NA,BPMW01000082.1,Rhodophyta,Bangiophyceae,Galdieriales
cov_model_U4,GCA_024341865.1,Galdieria_sulphuraria,Galdieriaceae,MAYBE,17,4.7,NA,NA,NA,BPMW01000037.1,Rhodophyta,Bangiophyceae,Galdieriales
cov_model_U4,GCA_024341865.1,Galdieria_sulphuraria,Galdieriaceae,MAYBE,18,5.7,NA,NA,NA,BPMW01000048.1,Rhodophyta,Bangiophyceae,Galdieriales
cov_model_U4,GCA_024341865.1,Galdieria_sulphuraria,Galdieriaceae,MAYBE,19,6,NA,NA,NA,BPMW01000003.1,Rhodophyta,Bangiophyceae,Galdieriales
cov_model_U4,GCA_024341865.1,Galdieria_sulphuraria,Galdieriaceae,MAYBE,20,6,NA,NA,NA,BPMW01000029.1,Rhodophyta,Bangiophyceae,Galdieriales
cov_model_U4,GCA_024341865.1,Galdieria_sulphuraria,Galdieriaceae,MAYBE,21,6.3,NA,NA,NA,BPMW01000035.1,Rhodophyta,Bangiophyceae,Galdieriales
cov_model_U4,GCA_024341865.1,Galdieria_sulphuraria,Galdieriaceae,MAYBE,22,6.4,NA,NA,NA,BPMW01000063.1,Rhodophyta,Bangiophyceae,Galdieriales
cov_model_U4,GCA_024341865.1,Galdieria_sulphuraria,Galdieriaceae,MAYBE,23,6.4,NA,NA,NA,BPMW01000087.1,Rhodophyta,Bangiophyceae,Galdieriales
cov_model_U4,GCA_024341865.1,Galdieria_sulphuraria,Galdieriaceae,MAYBE,24,8.1,NA,NA,NA,BPMW01000008.1,Rhodophyta,Bangiophyceae,Galdieriales
cov_model_U4,GCA_024341865.1,Galdieria_sulphuraria,Galdieriaceae,MAYBE,25,8.7,NA,NA,NA,BPMW01000042.1,Rhodophyta,Bangiophyceae,Galdieriales
cov_model_U4,GCA_024341865.1,Galdieria_sulphuraria,Galdieriaceae,MAYBE,26,9.3,NA,NA,NA,BPMW01000010.1,Rhodophyta,Bangiophyceae,Galdieriales
cov_model_U4,GCA_024341865.1,Galdieria_sulphuraria,Galdieriaceae,MAYBE,27,9.3,NA,NA,NA,BPMW01000030.1,Rhodophyta,Bangiophyceae,Galdieriales
cov_model_U4,GCA_024341865.1,Galdieria_sulphuraria,Galdieriaceae,MAYBE,28,9.5,NA,NA,NA,BPMW01000063.1,Rhodophyta,Bangiophyceae,Galdieriales
